URL,Link
http://www.rotowire.com/soccer/player.htm?id=1938,Asmir Begovic
http://www.rotowire.com/soccer/player.htm?id=16448,Artur Boruc
http://www.rotowire.com/soccer/player.htm?id=1189,Adam Federici
http://www.rotowire.com/soccer/player.htm?id=19086,Ryan Allsop
http://www.rotowire.com/soccer/player.htm?id=19080,Charlie Daniels
http://www.rotowire.com/soccer/player.htm?id=17510,Nathan Ake
http://www.rotowire.com/soccer/player.htm?id=19073,Simon Francis
http://www.rotowire.com/soccer/player.htm?id=19074,Steve Cook
http://www.rotowire.com/soccer/player.htm?id=18448,Adam Smith
http://www.rotowire.com/soccer/player.htm?id=19134,Tyrone Mings
http://www.rotowire.com/soccer/player.htm?id=17407,Brad Smith
http://www.rotowire.com/soccer/player.htm?id=19085,Baily Cargill
http://www.rotowire.com/soccer/player.htm?id=20947,Rhoys Wiggins
http://www.rotowire.com/soccer/player.htm?id=686,Ryan Fraser
http://www.rotowire.com/soccer/player.htm?id=16213,Junior Stanislas
http://www.rotowire.com/soccer/player.htm?id=19077,Harry Arter
http://www.rotowire.com/soccer/player.htm?id=2011,Dan Gosling
http://www.rotowire.com/soccer/player.htm?id=19076,Marc Pugh
http://www.rotowire.com/soccer/player.htm?id=16621,Andrew Surman
http://www.rotowire.com/soccer/player.htm?id=17406,Jordon Ibe
http://www.rotowire.com/soccer/player.htm?id=16576,Max Gradel
http://www.rotowire.com/soccer/player.htm?id=16644,Shaun MacDonald
http://www.rotowire.com/soccer/player.htm?id=19165,Joshua King
http://www.rotowire.com/soccer/player.htm?id=1117,Jermain Defoe
http://www.rotowire.com/soccer/player.htm?id=20878,Benik Afobe
http://www.rotowire.com/soccer/player.htm?id=19048,Callum Wilson
http://www.rotowire.com/soccer/player.htm?id=1341,Petr Cech
http://www.rotowire.com/soccer/player.htm?id=4023,David Ospina
http://www.rotowire.com/soccer/player.htm?id=18574,Matt Macey
http://www.rotowire.com/soccer/player.htm?id=18546,Ryan Huddart
http://www.rotowire.com/soccer/player.htm?id=16664,Hector Bellerin
http://www.rotowire.com/soccer/player.htm?id=16492,Laurent Koscielny
http://www.rotowire.com/soccer/player.htm?id=17034,Nacho Monreal
http://www.rotowire.com/soccer/player.htm?id=17722,Shkodran Mustafi
http://www.rotowire.com/soccer/player.htm?id=17560,Sead Kolasinac
http://www.rotowire.com/soccer/player.htm?id=17186,Gabriel
http://www.rotowire.com/soccer/player.htm?id=21617,Rob Holding
http://www.rotowire.com/soccer/player.htm?id=16051,Kieran Gibbs
http://www.rotowire.com/soccer/player.htm?id=15496,Per Mertesacker
http://www.rotowire.com/soccer/player.htm?id=16437,Mesut Ozil
http://www.rotowire.com/soccer/player.htm?id=17705,Granit Xhaka
http://www.rotowire.com/soccer/player.htm?id=8700,Aaron Ramsey
http://www.rotowire.com/soccer/player.htm?id=1647,Theo Walcott
http://www.rotowire.com/soccer/player.htm?id=16585,Alex Oxlade-Chamberlain
http://www.rotowire.com/soccer/player.htm?id=18583,Alex Iwobi
http://www.rotowire.com/soccer/player.htm?id=18331,Mohamed Elneny
http://www.rotowire.com/soccer/player.htm?id=17864,Francis Coquelin
http://www.rotowire.com/soccer/player.htm?id=16908,Santi Cazorla
http://www.rotowire.com/soccer/player.htm?id=16194,Alexis Sanchez
http://www.rotowire.com/soccer/player.htm?id=17197,Alexandre Lacazette
http://www.rotowire.com/soccer/player.htm?id=16129,Danny Welbeck
http://www.rotowire.com/soccer/player.htm?id=16880,Olivier Giroud
http://www.rotowire.com/soccer/player.htm?id=20859,Lucas Perez
http://www.rotowire.com/soccer/player.htm?id=16676,Joel Campbell
http://www.rotowire.com/soccer/player.htm?id=17544,Mathew Ryan
http://www.rotowire.com/soccer/player.htm?id=24505,Niki Maenpaa
http://www.rotowire.com/soccer/player.htm?id=1570,Tomasz Kuszczak
http://www.rotowire.com/soccer/player.htm?id=24512,Lewis Dunk
http://www.rotowire.com/soccer/player.htm?id=24508,Bruno
http://www.rotowire.com/soccer/player.htm?id=21406,Shane Duffy
http://www.rotowire.com/soccer/player.htm?id=19908,Markus Suttner
http://www.rotowire.com/soccer/player.htm?id=24509,Gaetan Bong
http://www.rotowire.com/soccer/player.htm?id=24510,Uwe Hunemeier
http://www.rotowire.com/soccer/player.htm?id=1512,Liam Rosenior
http://www.rotowire.com/soccer/player.htm?id=24513,Connor Goldson
http://www.rotowire.com/soccer/player.htm?id=17845,Anthony Knockaert
http://www.rotowire.com/soccer/player.htm?id=24514,Dale Stephens
http://www.rotowire.com/soccer/player.htm?id=1691,Steve Sidwell
http://www.rotowire.com/soccer/player.htm?id=19912,Pascal Gross
http://www.rotowire.com/soccer/player.htm?id=21383,Jiri Skalak
http://www.rotowire.com/soccer/player.htm?id=24522,Jaime Murphy
http://www.rotowire.com/soccer/player.htm?id=24515,Beram Kayal
http://www.rotowire.com/soccer/player.htm?id=24516,Solomon March
http://www.rotowire.com/soccer/player.htm?id=24523,Richard Towell
http://www.rotowire.com/soccer/player.htm?id=17128,Glenn Murray
http://www.rotowire.com/soccer/player.htm?id=18620,Isaiah Brown
http://www.rotowire.com/soccer/player.htm?id=16953,Sam Baldock
http://www.rotowire.com/soccer/player.htm?id=24524,Tomer Hemed
http://www.rotowire.com/soccer/player.htm?id=1840,Tom Heaton
http://www.rotowire.com/soccer/player.htm?id=230,Paul Robinson
http://www.rotowire.com/soccer/player.htm?id=17042,Matthew Lowton
http://www.rotowire.com/soccer/player.htm?id=17851,Ben Mee
http://www.rotowire.com/soccer/player.htm?id=2808,Stephen Ward
http://www.rotowire.com/soccer/player.htm?id=21464,James Tarkowski
http://www.rotowire.com/soccer/player.htm?id=17852,Kevin Long
http://www.rotowire.com/soccer/player.htm?id=17214,Robbie Brady
http://www.rotowire.com/soccer/player.htm?id=15933,Steven Defour
http://www.rotowire.com/soccer/player.htm?id=21408,Jeff Hendrick
http://www.rotowire.com/soccer/player.htm?id=17115,George Boyd
http://www.rotowire.com/soccer/player.htm?id=2757,Dean Marney
http://www.rotowire.com/soccer/player.htm?id=17855,Scott Arfield
http://www.rotowire.com/soccer/player.htm?id=21420,Johann Berg Gudmundsson
http://www.rotowire.com/soccer/player.htm?id=61,Ashley Westwood
http://www.rotowire.com/soccer/player.htm?id=18751,Fredrik Ulvestad
http://www.rotowire.com/soccer/player.htm?id=21462,Andre Gray
http://www.rotowire.com/soccer/player.htm?id=17857,Ashley Barnes
http://www.rotowire.com/soccer/player.htm?id=2812,Sam Vokes
http://www.rotowire.com/soccer/player.htm?id=16501,Jonathan Walters
http://www.rotowire.com/soccer/player.htm?id=21463,Rouwen Hennings
http://www.rotowire.com/soccer/player.htm?id=17849,Danny Lafferty
http://www.rotowire.com/soccer/player.htm?id=21461,Chris Long
http://www.rotowire.com/soccer/player.htm?id=17216,Thibaut Courtois
http://www.rotowire.com/soccer/player.htm?id=17827,Wilfredo Caballero
http://www.rotowire.com/soccer/player.htm?id=16172,Matej Delac
http://www.rotowire.com/soccer/player.htm?id=20821,Marcos Alonso
http://www.rotowire.com/soccer/player.htm?id=16973,Cesar Azpilicueta
http://www.rotowire.com/soccer/player.htm?id=16510,Victor Moses
http://www.rotowire.com/soccer/player.htm?id=16539,David Luiz
http://www.rotowire.com/soccer/player.htm?id=1869,Gary Cahill
http://www.rotowire.com/soccer/player.htm?id=19179,Antonio Rudiger
http://www.rotowire.com/soccer/player.htm?id=23162,Ola Aina
http://www.rotowire.com/soccer/player.htm?id=21089,Jake Clarke-Salter
http://www.rotowire.com/soccer/player.htm?id=18425,Wallace
http://www.rotowire.com/soccer/player.htm?id=15994,Eden Hazard
http://www.rotowire.com/soccer/player.htm?id=16770,Pedro
http://www.rotowire.com/soccer/player.htm?id=19151,N'Golo Kante
http://www.rotowire.com/soccer/player.htm?id=18429,Tiemoue Bakayoko
http://www.rotowire.com/soccer/player.htm?id=1481,Cesc Fabregas
http://www.rotowire.com/soccer/player.htm?id=16803,Willian
http://www.rotowire.com/soccer/player.htm?id=17511,Lewis Baker
http://www.rotowire.com/soccer/player.htm?id=17873,Alvaro Morata
http://www.rotowire.com/soccer/player.htm?id=20134,Michy Batshuayi
http://www.rotowire.com/soccer/player.htm?id=2179,Loic Remy
http://www.rotowire.com/soccer/player.htm?id=17157,Diego Costa
http://www.rotowire.com/soccer/player.htm?id=19038,Jeremie Boga
http://www.rotowire.com/soccer/player.htm?id=2800,Wayne Hennessey
http://www.rotowire.com/soccer/player.htm?id=1372,Julian Speroni
http://www.rotowire.com/soccer/player.htm?id=17934,Patrick van Aanholt
http://www.rotowire.com/soccer/player.htm?id=17279,Joel Ward
http://www.rotowire.com/soccer/player.htm?id=16948,James Tomkins
http://www.rotowire.com/soccer/player.htm?id=875,Scott Dann
http://www.rotowire.com/soccer/player.htm?id=18097,Jairo Riedewald
http://www.rotowire.com/soccer/player.htm?id=16542,Martin Kelly
http://www.rotowire.com/soccer/player.htm?id=17278,Damien Delaney
http://www.rotowire.com/soccer/player.htm?id=18625,Pape Souare
http://www.rotowire.com/soccer/player.htm?id=17018,Wilfried Zaha
http://www.rotowire.com/soccer/player.htm?id=16527,Andros Townsend
http://www.rotowire.com/soccer/player.htm?id=16967,Jason Puncheon
http://www.rotowire.com/soccer/player.htm?id=16729,Yohan Cabaye
http://www.rotowire.com/soccer/player.htm?id=17991,Luka Milivojevic
http://www.rotowire.com/soccer/player.htm?id=18581,Ruben Loftus-Cheek
http://www.rotowire.com/soccer/player.htm?id=16812,James McArthur
http://www.rotowire.com/soccer/player.htm?id=19160,Bakary Sako
http://www.rotowire.com/soccer/player.htm?id=17286,Jordon Mutch
http://www.rotowire.com/soccer/player.htm?id=16981,Christian Benteke
http://www.rotowire.com/soccer/player.htm?id=16650,Connor Wickham
http://www.rotowire.com/soccer/player.htm?id=19035,Jordan Pickford
http://www.rotowire.com/soccer/player.htm?id=17134,Joel Robles
http://www.rotowire.com/soccer/player.htm?id=16692,Maarten Stekelenburg
http://www.rotowire.com/soccer/player.htm?id=1596,Leighton Baines
http://www.rotowire.com/soccer/player.htm?id=17514,Michael Keane
http://www.rotowire.com/soccer/player.htm?id=16634,Ashley Williams
http://www.rotowire.com/soccer/player.htm?id=19196,Mason Holgate
http://www.rotowire.com/soccer/player.htm?id=1708,Phil Jagielka
http://www.rotowire.com/soccer/player.htm?id=19070,Cuco Martina
http://www.rotowire.com/soccer/player.htm?id=19193,Ramiro Funes Mori
http://www.rotowire.com/soccer/player.htm?id=21095,Callum Connolly
http://www.rotowire.com/soccer/player.htm?id=19072,Matthew Pennington
http://www.rotowire.com/soccer/player.htm?id=17198,Seamus Coleman
http://www.rotowire.com/soccer/player.htm?id=17129,Luke Garbutt
http://www.rotowire.com/soccer/player.htm?id=17201,Ross Barkley
http://www.rotowire.com/soccer/player.htm?id=16957,Morgan Schneiderlin
http://www.rotowire.com/soccer/player.htm?id=19065,Idrissa Gueye
http://www.rotowire.com/soccer/player.htm?id=21116,Tom Davies
http://www.rotowire.com/soccer/player.htm?id=18254,Davy Klaassen
http://www.rotowire.com/soccer/player.htm?id=13861,Kevin Mirallas
http://www.rotowire.com/soccer/player.htm?id=34,Gareth Barry
http://www.rotowire.com/soccer/player.htm?id=16122,James McCarthy
http://www.rotowire.com/soccer/player.htm?id=17564,Muhamed Besic
http://www.rotowire.com/soccer/player.htm?id=1567,Aaron Lennon
http://www.rotowire.com/soccer/player.htm?id=17154,Yannick Bolasie
http://www.rotowire.com/soccer/player.htm?id=18150,Sandro Ramirez
http://www.rotowire.com/soccer/player.htm?id=991,Wayne Rooney
http://www.rotowire.com/soccer/player.htm?id=23240,Dominic Calvert-Lewin
http://www.rotowire.com/soccer/player.htm?id=23303,Ademola Lookman
http://www.rotowire.com/soccer/player.htm?id=20948,Oumar Niasse
http://www.rotowire.com/soccer/player.htm?id=20028,Jonas Lossl
http://www.rotowire.com/soccer/player.htm?id=24489,Luke Coddington
http://www.rotowire.com/soccer/player.htm?id=24488,Joel Coleman
http://www.rotowire.com/soccer/player.htm?id=24492,Christopher Schindler
http://www.rotowire.com/soccer/player.htm?id=24457,Tommy Smith
http://www.rotowire.com/soccer/player.htm?id=24491,Chris Lowe
http://www.rotowire.com/soccer/player.htm?id=24493,Michael Hefele
http://www.rotowire.com/soccer/player.htm?id=1071,Mark Hudson
http://www.rotowire.com/soccer/player.htm?id=1940,Martin Cranie
http://www.rotowire.com/soccer/player.htm?id=24490,Tareiq Holmes-Dennis
http://www.rotowire.com/soccer/player.htm?id=18567,Jon Stankovic
http://www.rotowire.com/soccer/player.htm?id=24611,Scott Malone
http://www.rotowire.com/soccer/player.htm?id=24496,Aaron Mooy
http://www.rotowire.com/soccer/player.htm?id=24501,Kasey Palmer
http://www.rotowire.com/soccer/player.htm?id=24499,Rajiv van La Parra
http://www.rotowire.com/soccer/player.htm?id=17123,Tom Ince
http://www.rotowire.com/soccer/player.htm?id=24610,Danny Williams
http://www.rotowire.com/soccer/player.htm?id=24494,Jonathan Hogg
http://www.rotowire.com/soccer/player.htm?id=24458,Philip Billing
http://www.rotowire.com/soccer/player.htm?id=24498,Jack Payne
http://www.rotowire.com/soccer/player.htm?id=24500,Joe Lolley
http://www.rotowire.com/soccer/player.htm?id=1558,Dean Whitehead
http://www.rotowire.com/soccer/player.htm?id=24495,Sean Scannell
http://www.rotowire.com/soccer/player.htm?id=19919,Elias Kachunga
http://www.rotowire.com/soccer/player.htm?id=24503,Nahki Wells
http://www.rotowire.com/soccer/player.htm?id=21958,Steve Mounie
http://www.rotowire.com/soccer/player.htm?id=19237,Laurent Depoitre
http://www.rotowire.com/soccer/player.htm?id=24504,Collin Quaner
http://www.rotowire.com/soccer/player.htm?id=24497,Harry Bunn
http://www.rotowire.com/soccer/player.htm?id=1528,Kasper Schmeichel
http://www.rotowire.com/soccer/player.htm?id=17843,Ben Hamer
http://www.rotowire.com/soccer/player.htm?id=20962,Daniel Iversen
http://www.rotowire.com/soccer/player.htm?id=18468,Christian Fuchs
http://www.rotowire.com/soccer/player.htm?id=17824,Wes Morgan
http://www.rotowire.com/soccer/player.htm?id=975,Robert Huth
http://www.rotowire.com/soccer/player.htm?id=749,Danny Simpson
http://www.rotowire.com/soccer/player.htm?id=17893,Harry Maguire
http://www.rotowire.com/soccer/player.htm?id=19152,Yohan Benalouane
http://www.rotowire.com/soccer/player.htm?id=19577,Ben Chilwell
http://www.rotowire.com/soccer/player.htm?id=17660,Riyad Mahrez
http://www.rotowire.com/soccer/player.htm?id=23304,Wilfried Ndidi
http://www.rotowire.com/soccer/player.htm?id=17836,Danny Drinkwater
http://www.rotowire.com/soccer/player.htm?id=16502,Marc Albrighton
http://www.rotowire.com/soccer/player.htm?id=17187,Vicente Iborra
http://www.rotowire.com/soccer/player.htm?id=20866,Demarai Gray
http://www.rotowire.com/soccer/player.htm?id=20358,Nampalys Mendy
http://www.rotowire.com/soccer/player.htm?id=17837,Matty James
http://www.rotowire.com/soccer/player.htm?id=17838,Jamie Vardy
http://www.rotowire.com/soccer/player.htm?id=19169,Kelechi Iheanacho
http://www.rotowire.com/soccer/player.htm?id=17318,Shinji Okazaki
http://www.rotowire.com/soccer/player.htm?id=17661,Islam Slimani
http://www.rotowire.com/soccer/player.htm?id=17814,Ahmed Musa
http://www.rotowire.com/soccer/player.htm?id=17877,Leonardo Ulloa
http://www.rotowire.com/soccer/player.htm?id=17515,Tom Lawrence
http://www.rotowire.com/soccer/player.htm?id=16743,Simon Mignolet
http://www.rotowire.com/soccer/player.htm?id=17335,Loris Karius
http://www.rotowire.com/soccer/player.htm?id=18598,Danny Ward
http://www.rotowire.com/soccer/player.htm?id=1153,James Milner
http://www.rotowire.com/soccer/player.htm?id=16781,Nathaniel Clyne
http://www.rotowire.com/soccer/player.htm?id=17628,Joel Matip
http://www.rotowire.com/soccer/player.htm?id=17120,Dejan Lovren
http://www.rotowire.com/soccer/player.htm?id=17945,Andrew Robertson
http://www.rotowire.com/soccer/player.htm?id=19886,Ragnar Klavan
http://www.rotowire.com/soccer/player.htm?id=17917,Alberto Moreno
http://www.rotowire.com/soccer/player.htm?id=17357,Jon Flanagan
http://www.rotowire.com/soccer/player.htm?id=23133,Trent Alexander-Arnold
http://www.rotowire.com/soccer/player.htm?id=19162,Joe Gomez
http://www.rotowire.com/soccer/player.htm?id=17182,Mamadou Sakho
http://www.rotowire.com/soccer/player.htm?id=16515,Philippe Coutinho
http://www.rotowire.com/soccer/player.htm?id=18529,Sadio Mane
http://www.rotowire.com/soccer/player.htm?id=17384,Mohamed Salah
http://www.rotowire.com/soccer/player.htm?id=17768,Georginio Wijnaldum
http://www.rotowire.com/soccer/player.htm?id=17542,Emre Can
http://www.rotowire.com/soccer/player.htm?id=16186,Jordan Henderson
http://www.rotowire.com/soccer/player.htm?id=17043,Adam Lallana
http://www.rotowire.com/soccer/player.htm?id=18596,Sheyi Ojo
http://www.rotowire.com/soccer/player.htm?id=20870,Marko Grujic
http://www.rotowire.com/soccer/player.htm?id=17909,Jordan Rossiter
http://www.rotowire.com/soccer/player.htm?id=17199,Roberto Firmino
http://www.rotowire.com/soccer/player.htm?id=17583,Divock Origi
http://www.rotowire.com/soccer/player.htm?id=1921,Daniel Sturridge
http://www.rotowire.com/soccer/player.htm?id=18544,Dominic Solanke
http://www.rotowire.com/soccer/player.htm?id=23256,Ben Woodburn
http://www.rotowire.com/soccer/player.htm?id=17856,Danny Ings
http://www.rotowire.com/soccer/player.htm?id=23803,Harry Wilson
http://www.rotowire.com/soccer/player.htm?id=19304,Ederson
http://www.rotowire.com/soccer/player.htm?id=17324,Claudio Bravo
http://www.rotowire.com/soccer/player.htm?id=20121,Benjamin Mendy
http://www.rotowire.com/soccer/player.htm?id=16526,Kyle Walker
http://www.rotowire.com/soccer/player.htm?id=16395,Nicolas Otamendi
http://www.rotowire.com/soccer/player.htm?id=2140,Vincent Kompany
http://www.rotowire.com/soccer/player.htm?id=18480,Danilo
http://www.rotowire.com/soccer/player.htm?id=17418,John Stones
http://www.rotowire.com/soccer/player.htm?id=18686,Shay Facey
http://www.rotowire.com/soccer/player.htm?id=18570,George Glendon
http://www.rotowire.com/soccer/player.htm?id=20429,Cameron Humphreys
http://www.rotowire.com/soccer/player.htm?id=16807,Kevin De Bruyne
http://www.rotowire.com/soccer/player.htm?id=15872,David Silva
http://www.rotowire.com/soccer/player.htm?id=18473,Leroy Sane
http://www.rotowire.com/soccer/player.htm?id=17094,Fernandinho
http://www.rotowire.com/soccer/player.htm?id=2135,Yaya Toure
http://www.rotowire.com/soccer/player.htm?id=18430,Bernardo Silva
http://www.rotowire.com/soccer/player.htm?id=17189,Ilkay Gundogan
http://www.rotowire.com/soccer/player.htm?id=16997,Raheem Sterling
http://www.rotowire.com/soccer/player.htm?id=16548,Fabian Delph
http://www.rotowire.com/soccer/player.htm?id=18570,George Glendon
http://www.rotowire.com/soccer/player.htm?id=2204,Sergio Aguero
http://www.rotowire.com/soccer/player.htm?id=23283,Gabriel Jesus
http://www.rotowire.com/soccer/player.htm?id=10150,David de Gea
http://www.rotowire.com/soccer/player.htm?id=16393,Sergio Romero
http://www.rotowire.com/soccer/player.htm?id=23789,Joel Pereira
http://www.rotowire.com/soccer/player.htm?id=1851,Antonio Valencia
http://www.rotowire.com/soccer/player.htm?id=20784,Eric Bailly
http://www.rotowire.com/soccer/player.htm?id=17763,Daley Blind
http://www.rotowire.com/soccer/player.htm?id=18234,Victor Lindelof
http://www.rotowire.com/soccer/player.htm?id=16453,Chris Smalling
http://www.rotowire.com/soccer/player.htm?id=17536,Marcos Rojo
http://www.rotowire.com/soccer/player.htm?id=16449,Matteo Darmian
http://www.rotowire.com/soccer/player.htm?id=16545,Phil Jones
http://www.rotowire.com/soccer/player.htm?id=1737,Ashley Young
http://www.rotowire.com/soccer/player.htm?id=21042,Timothy Fosu-Mensah
http://www.rotowire.com/soccer/player.htm?id=16889,Luke Shaw
http://www.rotowire.com/soccer/player.htm?id=19582,Cameron Borthwick-Jackson
http://www.rotowire.com/soccer/player.htm?id=16827,Paul Pogba
http://www.rotowire.com/soccer/player.htm?id=17231,Henrikh Mkhitaryan
http://www.rotowire.com/soccer/player.htm?id=16615,Juan Mata
http://www.rotowire.com/soccer/player.htm?id=17238,Ander Herrera
http://www.rotowire.com/soccer/player.htm?id=17375,Nemanja Matic
http://www.rotowire.com/soccer/player.htm?id=499,Michael Carrick
http://www.rotowire.com/soccer/player.htm?id=17142,Jesse Lingard
http://www.rotowire.com/soccer/player.htm?id=18435,Anthony Martial
http://www.rotowire.com/soccer/player.htm?id=16132,Marouane Fellaini
http://www.rotowire.com/soccer/player.htm?id=1737,Ashley Young
http://www.rotowire.com/soccer/player.htm?id=16892,Sean Goss
http://www.rotowire.com/soccer/player.htm?id=16303,Romelu Lukaku
http://www.rotowire.com/soccer/player.htm?id=19583,Marcus Rashford
http://www.rotowire.com/soccer/player.htm?id=18435,Anthony Martial
http://www.rotowire.com/soccer/player.htm?id=17044,Robert Elliot
http://www.rotowire.com/soccer/player.htm?id=19167,Karl Darlow
http://www.rotowire.com/soccer/player.htm?id=18577,Freddie Woodman
http://www.rotowire.com/soccer/player.htm?id=17311,Paul Dummett
http://www.rotowire.com/soccer/player.htm?id=21894,Florian Lejeune
http://www.rotowire.com/soccer/player.htm?id=17526,DeAndre Yedlin
http://www.rotowire.com/soccer/player.htm?id=19303,Jamaal Lascelles
http://www.rotowire.com/soccer/player.htm?id=16214,Ciaran Clark
http://www.rotowire.com/soccer/player.htm?id=17041,Massadio Haidara
http://www.rotowire.com/soccer/player.htm?id=19149,Chancel Mbemba
http://www.rotowire.com/soccer/player.htm?id=17901,Javier Manquillo
http://www.rotowire.com/soccer/player.htm?id=19567,Kevin Mbabu
http://www.rotowire.com/soccer/player.htm?id=18760,Jamie Sterry
http://www.rotowire.com/soccer/player.htm?id=19061,Matt Ritchie
http://www.rotowire.com/soccer/player.htm?id=16326,Jonjo Shelvey
http://www.rotowire.com/soccer/player.htm?id=17353,Jack Colback
http://www.rotowire.com/soccer/player.htm?id=16750,Mohamed Diame
http://www.rotowire.com/soccer/player.htm?id=17025,Yoan Gouffran
http://www.rotowire.com/soccer/player.htm?id=17930,Rolando Aarons
http://www.rotowire.com/soccer/player.htm?id=17102,Christian Atsu
http://www.rotowire.com/soccer/player.htm?id=19122,Jacob Murphy
http://www.rotowire.com/soccer/player.htm?id=17127,Dwight Gayle
http://www.rotowire.com/soccer/player.htm?id=17701,Ayoze Perez
http://www.rotowire.com/soccer/player.htm?id=18089,Aleksandar Mitrovic
http://www.rotowire.com/soccer/player.htm?id=17584,Fraser Forster
http://www.rotowire.com/soccer/player.htm?id=16917,Alex McCarthy
http://www.rotowire.com/soccer/player.htm?id=16906,Paulo Gazzaniga
http://www.rotowire.com/soccer/player.htm?id=18511,Cedric Soares
http://www.rotowire.com/soccer/player.htm?id=17307,Ryan Bertrand
http://www.rotowire.com/soccer/player.htm?id=19194,Virgil van Dijk
http://www.rotowire.com/soccer/player.htm?id=16251,Maya Yoshida
http://www.rotowire.com/soccer/player.htm?id=16965,Jack Stephens
http://www.rotowire.com/soccer/player.htm?id=20365,Jeremy Pied
http://www.rotowire.com/soccer/player.htm?id=17509,Matt Targett
http://www.rotowire.com/soccer/player.htm?id=17935,Florin Gardos
http://www.rotowire.com/soccer/player.htm?id=16970,James Ward-Prowse
http://www.rotowire.com/soccer/player.htm?id=17829,Dusan Tadic
http://www.rotowire.com/soccer/player.htm?id=17125,Nathan Redmond
http://www.rotowire.com/soccer/player.htm?id=16696,Oriol Romeu
http://www.rotowire.com/soccer/player.htm?id=1486,Steven Davis
http://www.rotowire.com/soccer/player.htm?id=17767,Jordy Clasie
http://www.rotowire.com/soccer/player.htm?id=18196,Pierre-Emile Hojbjerg
http://www.rotowire.com/soccer/player.htm?id=17470,Harrison Reed
http://www.rotowire.com/soccer/player.htm?id=17105,Manolo Gabbiadini
http://www.rotowire.com/soccer/player.htm?id=17863,Charlie Austin
http://www.rotowire.com/soccer/player.htm?id=1696,Shane Long
http://www.rotowire.com/soccer/player.htm?id=16872,Jack Butland
http://www.rotowire.com/soccer/player.htm?id=22837,Lee Grant
http://www.rotowire.com/soccer/player.htm?id=19056,Jakob Haugaard
http://www.rotowire.com/soccer/player.htm?id=17110,Erik Pieters
http://www.rotowire.com/soccer/player.htm?id=1255,Glen Johnson
http://www.rotowire.com/soccer/player.htm?id=16039,Ryan Shawcross
http://www.rotowire.com/soccer/player.htm?id=17158,Kurt Zouma
http://www.rotowire.com/soccer/player.htm?id=17126,Marc Muniesa
http://www.rotowire.com/soccer/player.htm?id=1534,Phil Bardsley
http://www.rotowire.com/soccer/player.htm?id=21481,Joshua Tymon
http://www.rotowire.com/soccer/player.htm?id=16341,Xherdan Shaqiri
http://www.rotowire.com/soccer/player.htm?id=16702,Joe Allen
http://www.rotowire.com/soccer/player.htm?id=1058,Darren Fletcher
http://www.rotowire.com/soccer/player.htm?id=16494,Charlie Adam
http://www.rotowire.com/soccer/player.htm?id=16320,Geoff Cameron
http://www.rotowire.com/soccer/player.htm?id=15915,Ibrahim Afellay
http://www.rotowire.com/soccer/player.htm?id=19428,Giannelli Imbula
http://www.rotowire.com/soccer/player.htm?id=1609,Stephen Ireland
http://www.rotowire.com/soccer/player.htm?id=18575,Oliver Shenton
http://www.rotowire.com/soccer/player.htm?id=899,Peter Crouch
http://www.rotowire.com/soccer/player.htm?id=17320,Saido Berahino
http://www.rotowire.com/soccer/player.htm?id=16462,Mame Diouf
http://www.rotowire.com/soccer/player.htm?id=1834,Lukasz Fabianski
http://www.rotowire.com/soccer/player.htm?id=24576,Erwin Mulder
http://www.rotowire.com/soccer/player.htm?id=19164,Kristoffer Nordfeldt
http://www.rotowire.com/soccer/player.htm?id=16754,Kyle Naughton
http://www.rotowire.com/soccer/player.htm?id=16521,Federico Fernandez
http://www.rotowire.com/soccer/player.htm?id=16734,Martin Olsson
http://www.rotowire.com/soccer/player.htm?id=22850,Alfie Mawson
http://www.rotowire.com/soccer/player.htm?id=16645,Angel Rangel
http://www.rotowire.com/soccer/player.htm?id=18099,Mike van der Hoorn
http://www.rotowire.com/soccer/player.htm?id=17878,Stephen Kingsley
http://www.rotowire.com/soccer/player.htm?id=16843,Gylfi Sigurdsson
http://www.rotowire.com/soccer/player.htm?id=17962,Tom Carroll
http://www.rotowire.com/soccer/player.htm?id=1361,Wayne Routledge
http://www.rotowire.com/soccer/player.htm?id=16412,Ki Sung-yueng
http://www.rotowire.com/soccer/player.htm?id=16945,Leon Britton
http://www.rotowire.com/soccer/player.htm?id=16941,Jack Cork
http://www.rotowire.com/soccer/player.htm?id=17031,Leroy Fer
http://www.rotowire.com/soccer/player.htm?id=19467,Luciano Narsingh
http://www.rotowire.com/soccer/player.htm?id=20686,Roque Mesa Quevedo
http://www.rotowire.com/soccer/player.htm?id=5393,Jefferson Montero
http://www.rotowire.com/soccer/player.htm?id=17499,Jay Fulton
http://www.rotowire.com/soccer/player.htm?id=16805,Fernando Llorente
http://www.rotowire.com/soccer/player.htm?id=17366,Jordan Ayew
http://www.rotowire.com/soccer/player.htm?id=21957,Tammy Abraham
http://www.rotowire.com/soccer/player.htm?id=18557,Modou Barrow
http://www.rotowire.com/soccer/player.htm?id=2152,Hugo Lloris
http://www.rotowire.com/soccer/player.htm?id=16698,Michel Vorm
http://www.rotowire.com/soccer/player.htm?id=20608,Pau
http://www.rotowire.com/soccer/player.htm?id=17096,Toby Alderweireld
http://www.rotowire.com/soccer/player.htm?id=16317,Danny Rose
http://www.rotowire.com/soccer/player.htm?id=15904,Jan Vertonghen
http://www.rotowire.com/soccer/player.htm?id=17848,Kieran Trippier
http://www.rotowire.com/soccer/player.htm?id=17894,Eric Dier
http://www.rotowire.com/soccer/player.htm?id=16999,Ben Davies
http://www.rotowire.com/soccer/player.htm?id=19041,Kevin Wimmer
http://www.rotowire.com/soccer/player.htm?id=18629,Dele Alli
http://www.rotowire.com/soccer/player.htm?id=17224,Christian Eriksen
http://www.rotowire.com/soccer/player.htm?id=17326,Heung-Min Son
http://www.rotowire.com/soccer/player.htm?id=17894,Eric Dier
http://www.rotowire.com/soccer/player.htm?id=16493,Mousa Dembele
http://www.rotowire.com/soccer/player.htm?id=17106,Victor Wanyama
http://www.rotowire.com/soccer/player.htm?id=17030,Moussa Sissoko
http://www.rotowire.com/soccer/player.htm?id=17478,Harry Winks
http://www.rotowire.com/soccer/player.htm?id=16669,Erik Lamela
http://www.rotowire.com/soccer/player.htm?id=20128,Georges-Kevin Nkoudou
http://www.rotowire.com/soccer/player.htm?id=17352,Harry Kane
http://www.rotowire.com/soccer/player.htm?id=21486,Vincent Janssen
http://www.rotowire.com/soccer/player.htm?id=2280,Heurelho Gomes
http://www.rotowire.com/soccer/player.htm?id=16697,Costel Pantilimon
http://www.rotowire.com/soccer/player.htm?id=17616,Jose Holebas
http://www.rotowire.com/soccer/player.htm?id=1843,Craig Cathcart
http://www.rotowire.com/soccer/player.htm?id=19110,Sebastian Prodl
http://www.rotowire.com/soccer/player.htm?id=7920,Miguel Britos
http://www.rotowire.com/soccer/player.htm?id=1958,Younes Kaboul
http://www.rotowire.com/soccer/player.htm?id=17760,Daryl Janmaat
http://www.rotowire.com/soccer/player.htm?id=16551,Juan Zuniga
http://www.rotowire.com/soccer/player.htm?id=17691,Juan Paredes
http://www.rotowire.com/soccer/player.htm?id=17653,Essaid Belkalem
http://www.rotowire.com/soccer/player.htm?id=17150,Etienne Capoue
http://www.rotowire.com/soccer/player.htm?id=16722,Roberto Pereyra
http://www.rotowire.com/soccer/player.htm?id=2181,Valon Behrami
http://www.rotowire.com/soccer/player.htm?id=16586,Tom Cleverley
http://www.rotowire.com/soccer/player.htm?id=17306,Will Hughes
http://www.rotowire.com/soccer/player.htm?id=17967,Nathaniel Chalobah
http://www.rotowire.com/soccer/player.htm?id=20739,Nordin Amrabat
http://www.rotowire.com/soccer/player.htm?id=19098,Almen Abdi
http://www.rotowire.com/soccer/player.htm?id=1362,Ben Watson
http://www.rotowire.com/soccer/player.htm?id=21402,Christian Kabasele
http://www.rotowire.com/soccer/player.htm?id=19137,Jose Manuel Jurado
http://www.rotowire.com/soccer/player.htm?id=17179,Troy Deeney
http://www.rotowire.com/soccer/player.htm?id=16987,M'Baye Niang
http://www.rotowire.com/soccer/player.htm?id=16012,Stefano Okaka
http://www.rotowire.com/soccer/player.htm?id=20739,Nordin Amrabat
http://www.rotowire.com/soccer/player.htm?id=2007,Mauro Zarate
http://www.rotowire.com/soccer/player.htm?id=1841,Ben Foster
http://www.rotowire.com/soccer/player.htm?id=2749,Boaz Myhill
http://www.rotowire.com/soccer/player.htm?id=15754,Chris Brunt
http://www.rotowire.com/soccer/player.htm?id=16820,Craig Dawson
http://www.rotowire.com/soccer/player.htm?id=1842,Jonny Evans
http://www.rotowire.com/soccer/player.htm?id=16824,Gareth McAuley
http://www.rotowire.com/soccer/player.htm?id=17606,Allan Nyom
http://www.rotowire.com/soccer/player.htm?id=16914,Marc Wilson
http://www.rotowire.com/soccer/player.htm?id=17146,Nacer Chadli
http://www.rotowire.com/soccer/player.htm?id=16497,Matthew Phillips
http://www.rotowire.com/soccer/player.htm?id=1536,James Morrison
http://www.rotowire.com/soccer/player.htm?id=16909,Claudio Yacob
http://www.rotowire.com/soccer/player.htm?id=16992,Jake Livermore
http://www.rotowire.com/soccer/player.htm?id=16699,James McClean
http://www.rotowire.com/soccer/player.htm?id=22835,Sam Field
http://www.rotowire.com/soccer/player.htm?id=23541,Rekeem Harper
http://www.rotowire.com/soccer/player.htm?id=16246,Sandro
http://www.rotowire.com/soccer/player.htm?id=8368,Salomon Rondon
http://www.rotowire.com/soccer/player.htm?id=16960,Rickie Lambert
http://www.rotowire.com/soccer/player.htm?id=1662,Joe Hart
http://www.rotowire.com/soccer/player.htm?id=17355,Adrian
http://www.rotowire.com/soccer/player.htm?id=17882,Raphael Spiegel
http://www.rotowire.com/soccer/player.htm?id=17822,Aaron Cresswell
http://www.rotowire.com/soccer/player.htm?id=12891,Pablo Zabaleta
http://www.rotowire.com/soccer/player.htm?id=16461,Winston Reid
http://www.rotowire.com/soccer/player.htm?id=16959,Jose Fonte
http://www.rotowire.com/soccer/player.htm?id=16003,Angelo Ogbonna
http://www.rotowire.com/soccer/player.htm?id=20927,Sam Byram
http://www.rotowire.com/soccer/player.htm?id=1577,James Collins
http://www.rotowire.com/soccer/player.htm?id=17980,Arthur Masuaku
http://www.rotowire.com/soccer/player.htm?id=18599,Doneil Henry
http://www.rotowire.com/soccer/player.htm?id=16924,Michail Antonio
http://www.rotowire.com/soccer/player.htm?id=19131,Manuel Lanzini
http://www.rotowire.com/soccer/player.htm?id=16991,Robert Snodgrass
http://www.rotowire.com/soccer/player.htm?id=17810,Cheikhou Kouyate
http://www.rotowire.com/soccer/player.htm?id=1584,Mark Noble
http://www.rotowire.com/soccer/player.htm?id=17656,Sofiane Feghouli
http://www.rotowire.com/soccer/player.htm?id=19053,Pedro Obiang
http://www.rotowire.com/soccer/player.htm?id=18735,Josh Cullen
http://www.rotowire.com/soccer/player.htm?id=16309,Chicharito
http://www.rotowire.com/soccer/player.htm?id=17250,Marko Arnautovic
http://www.rotowire.com/soccer/player.htm?id=16471,Andy Carroll
http://www.rotowire.com/soccer/player.htm?id=17301,Andre Ayew
http://www.rotowire.com/soccer/player.htm?id=17938,Diafra Sakho
http://www.rotowire.com/soccer/player.htm?id=16903,Modibo Maiga